complaint_id,response_date,response_message
CMP001,2025-02-02,We apologize for the inconvenience. We have retrained our cooking staff on proper noodle preparation.
CMP002,2025-02-03,We are very sorry. We have implemented stricter hygiene protocols and hair nets are now mandatory.
CMP004,2025-02-04,Thank you for your feedback. We have adjusted our recipe to reduce salt content.
CMP006,2025-02-06,We deeply apologize. The supplier has been changed and we have enhanced our quality control procedures.
CMP010,2026-02-08,Hahaha, you beach
CMP007,2026-02-08,Muha
CMP008,2026-02-08,Nope not fix
CMP008,2026-02-08,Muhaha, bruh
CMP008,2026-02-08,Bruh
